hex_id,data_year,n_properties,n_submitted,n_not_submitted,site_energy_kbtu,ghg_tco2e,land_sqmi,kbtu_per_sqmi
r1598c915,2022,1,1,0,6775080,488.8,0.0535,126637789.4
r1599c902,2022,1,0,0,,,0.0535,
r1599c914,2022,1,1,0,7072285,517.8,0.0535,132193057.3
r1600c904,2022,1,0,0,,,0.0535,
r1600c913,2022,1,0,1,,,0.0535,
r1601c902,2022,1,1,0,157259200,11050.6,0.0535,2939442406
r1604c896,2022,1,0,0,,,0.0535,
r1604c898,2022,1,0,0,,,0.0535,
r1605c899,2022,1,1,0,12994002,781.1,0.0535,242880038.2
r1606c891,2022,1,1,0,23978478,1999.2,0.0535,448198611.4
r1606c894,2022,1,1,0,8548069,256.6,0.0535,159777974.9
r1606c895,2022,1,0,1,,,0.0535,
r1607c889,2022,1,1,0,8412691,802.5,0.0535,157247529.4
r1607c915,2022,1,0,0,,,0.0535,
r1608c889,2022,2,1,1,19338195,1739,0.0535,361463815.4
r1608c893,2022,1,1,0,2339417,277.4,0.0535,43727689.9
r1608c915,2022,1,1,0,28867400,1598.4,0.0535,539580893.9
r1609c876,2022,1,1,0,32195443,1245.1,0.0535,601787688.3
r1609c877,2022,1,1,0,27221116,1948.4,0.0535,508809040.8
r1609c885,2022,1,0,1,,,0.0535,
r1609c886,2022,1,1,0,20183287,1008.6,0.0535,377260024.8
r1609c891,2022,1,0,0,,,0.0535,
r1609c893,2022,1,0,0,,,0.0535,
r1609c895,2022,1,1,0,10230694,824.3,0.0535,191229103.2
r1609c897,2022,1,0,1,,,0.0535,
r1609c898,2022,1,0,0,,,0.0535,
r1610c878,2022,1,1,0,21358975,1976.8,0.0535,399235636.9
r1610c886,2022,1,1,0,13542014,1496.9,0.0535,253123316.2
r1610c888,2022,1,1,0,5139090,346.1,0.0535,96058348.7
r1610c894,2022,1,0,0,,,0.0535,
r1610c895,2022,1,0,0,,,0.0535,
r1610c901,2022,1,0,0,,,0.0535,
r1610c915,2022,1,1,0,25337292,1884.8,0.0535,473597160.3
r1611c885,2022,1,1,0,5161771,382.7,0.0535,96482295.3
r1611c888,2022,1,1,0,12665560,1202.5,0.0535,236740897.6
r1611c890,2022,1,0,0,,,0.0535,
r1611c901,2022,1,1,0,5344195,500.2,0.0535,99892110.7
r1612c881,2022,1,1,0,7977348,645,0.0535,149110226.9
r1612c888,2022,1,0,1,,,0.0535,
r1612c894,2022,1,1,0,14625587,831.3,0.0535,273377141.9
r1612c897,2022,1,1,0,5774550,443.8,0.0535,107936178.9
r1612c899,2022,1,1,0,26682768,2237.4,0.0535,498746399.4
r1612c903,2022,1,0,1,,,0.0535,
r1613c896,2022,1,1,0,3150600,163.8,0.0535,58890082.4
r1613c897,2022,1,1,0,7391590,642.4,0.0535,138161411.8
r1613c900,2022,1,1,0,132274620,7160.1,0.0535,2472438033.9000001
r1613c903,2022,2,1,1,4524633,499.5,0.0535,84573100.4
r1613c916,2022,1,1,0,5310881,421.1,0.0535,99269415.2
r1614c878,2022,1,0,0,,,0.0535,
r1614c910,2022,1,0,0,,,0.0535,
r1615c877,2022,1,0,1,,,0.0535,
r1615c891,2022,1,0,0,,,0.0535,
r1615c892,2022,1,0,0,,,0.0535,
r1615c896,2022,1,1,0,9350000,951.4,0.0535,174767431.7
r1615c897,2022,1,0,0,,,0.0535,
r1615c898,2022,2,2,0,7550117,852.5,0.0535,141124551.6
r1615c901,2022,1,1,0,4985098,375.6,0.0535,93179975.9
r1615c902,2022,1,1,0,12537180,1259,0.0535,234341256.6
r1615c910,2022,1,1,0,87925055,5541.8,0.0535,1643469095.7
r1616c879,2022,1,1,0,54382297,3968.1,0.0535,1016497794.3
r1616c893,2022,2,1,0,7009035,499.6,0.0535,131010807
r1616c902,2022,2,1,1,25220218,2586.1,0.0535,471408847.8
r1616c904,2022,1,0,1,,,0.0535,
r1616c916,2022,1,1,0,6090759,474.3,0.0535,113846663.9
r1617c886,2022,1,1,0,4773031,334.1,0.0535,89216082.3
r1617c894,2022,1,1,0,3116688,227.5,0.0535,58256209.3
r1617c899,2022,1,1,0,4697853,325.9,0.0535,87810877.4
r1617c901,2022,1,0,0,,,0.0535,
r1617c902,2022,1,0,1,,,0.0535,
r1617c904,2022,1,0,1,,,0.0535,
r1617c916,2022,1,0,1,,,0.0535,
r1618c886,2022,1,1,0,13056008,808.7,0.0535,244039036
r1619c894,2022,1,0,0,,,0.0535,
r1619c909,2022,2,2,0,16924877,1100.6,0.0535,316354789.9
r1619c912,2022,1,1,0,9445667,805.9,0.0535,176555610.9
r1619c916,2022,2,1,0,9138548,992.1,0.0535,170815033.5
r1620c890,2022,1,0,1,,,0.0535,
r1620c891,2022,2,2,0,14506151,1050.4,0.0535,271144679.6
r1620c898,2022,1,0,0,,,0.0535,
r1620c901,2022,1,1,0,145725632,12345.7,0.0535,2723860367.6999998
r1620c906,2022,1,1,0,16491777,1582.3,0.0535,308259412.9
r1620c907,2022,1,0,1,,,0.0535,
r1620c917,2022,1,0,1,,,0.0535,
r1621c889,2022,1,1,0,8195381,993.9,0.0535,153185635.2
r1621c892,2022,1,1,0,14831111,917.1,0.0535,277218735.7
r1621c893,2022,1,1,0,7982000,876.1,0.0535,149197180.7
r1621c895,2022,1,0,1,,,0.0535,
r1621c896,2022,1,1,0,12026680,821.9,0.0535,224799141.8
r1621c905,2022,1,0,1,,,0.0535,
r1621c906,2022,1,1,0,10365592,801.7,0.0535,193750576.7
r1622c898,2022,1,0,0,,,0.0535,
r1622c904,2022,1,1,0,11421278,734.4,0.0535,213483146.8
r1622c906,2022,1,1,0,11423125,865.2,0.0535,213517670.4
r1622c909,2022,1,1,0,8075330,657.2,0.0535,150941677.5
r1623c900,2022,1,0,0,,,0.0535,
r1623c903,2022,1,0,0,,,0.0535,
r1623c907,2022,1,1,0,3730087,264.1,0.0535,69721681.8
r1623c909,2022,1,1,0,146845271,6665.8,0.0535,2744788328.4000001
r1623c912,2022,1,1,0,19322710,1159.2,0.0535,361174374.4
r1623c913,2022,1,1,0,9415597,810.2,0.0535,175993551.4
r1624c891,2022,2,1,1,7299600,471.7,0.0535,136441962
r1624c912,2022,1,0,0,,,0.0535,
r1624c913,2022,1,1,0,8962911,671.2,0.0535,167532078.7
r1624c914,2022,1,1,0,7989078,609.4,0.0535,149329480.6
r1625c880,2022,1,0,1,,,0.0535,
r1625c882,2022,1,1,0,12185872,722.7,0.0535,227774711.5
r1625c892,2022,1,0,0,,,0.0535,
r1625c894,2022,1,1,0,7068626,512.2,0.0535,132124664.4
r1625c896,2022,2,1,1,18408784,1765.7,0.0535,344091540.2
r1625c903,2022,1,0,1,,,0.0535,
r1625c911,2022,1,0,0,,,0.0535,
r1626c876,2022,1,1,0,4940292,468.7,0.0535,92342475.4
r1626c888,2022,1,0,0,,,0.0535,
r1626c893,2022,1,0,0,,,0.0535,
r1626c896,2022,1,1,0,11828836,933.9,0.0535,221101100.3
r1626c897,2022,2,0,2,,,0.0535,
r1626c898,2022,1,0,0,,,0.0535,
r1626c901,2022,1,1,0,7052711,746.8,0.0535,131827185.9
r1626c906,2022,1,0,1,,,0.0535,
r1626c907,2022,1,0,1,,,0.0535,
r1626c908,2022,1,0,0,,,0.0535,
r1627c875,2022,1,0,1,,,0.0535,
r1627c879,2022,1,1,0,4727406,320.4,0.0535,88363273.3
r1627c882,2022,1,1,0,1806877,145.4,0.0535,33773609.9
r1627c887,2022,1,0,1,,,0.0535,
r1627c889,2022,1,0,1,,,0.0535,
r1627c891,2022,1,0,0,,,0.0535,
r1627c894,2022,1,0,0,,,0.0535,
r1627c895,2022,1,0,1,,,0.0535,
r1627c896,2022,1,1,0,20864202,825.6,0.0535,389987486.4
r1627c901,2022,1,1,0,5097732,523.3,0.0535,95285297.2
r1627c902,2022,1,1,0,5660771,379.1,0.0535,105809455.5
r1627c906,2022,1,0,0,,,0.0535,
r1627c909,2022,1,0,0,,,0.0535,
r1628c873,2022,1,1,0,4723528,162.9,0.0535,88290786.9
r1628c875,2022,1,1,0,5063122,526.1,0.0535,94638377.4
r1628c878,2022,1,1,0,6970721,532.7,0.0535,130294653.1
r1628c883,2022,1,1,0,4338900,368.6,0.0535,81101434.2
r1628c890,2022,1,0,0,,,0.0535,
r1628c892,2022,1,0,0,,,0.0535,
r1628c895,2022,1,1,0,28696853,2622,0.0535,536393079.9
r1628c900,2022,1,1,0,5416719,345.2,0.0535,101247707.8
r1628c901,2022,1,1,0,6187347,506.1,0.0535,115652058.2
r1628c912,2022,1,0,0,,,0.0535,
r1628c913,2022,1,1,0,4300142,311.3,0.0535,80376981.1
r1628c914,2022,1,0,0,,,0.0535,
r1629c873,2022,1,1,0,15383116,701,0.0535,287536649.7
r1629c877,2022,1,0,0,,,0.0535,
r1629c884,2022,1,0,1,,,0.0535,
r1629c885,2022,1,1,0,20525000,1319.1,0.0535,383647223.1
r1629c888,2022,1,1,0,6706800,509.9,0.0535,125361519.9
r1629c896,2022,1,1,0,4644403,301.5,0.0535,86811805.8
r1629c901,2022,1,0,1,,,0.0535,
r1629c904,2022,1,0,0,,,0.0535,
r1629c907,2022,1,0,0,,,0.0535,
r1629c911,2022,1,0,1,,,0.0535,
r1630c883,2022,1,1,0,4121800,342.6,0.0535,77043465.2
r1630c885,2022,1,1,0,31287424,1431.4,0.0535,584815266
r1630c888,2022,1,1,0,7391878,592.6,0.0535,138166795
r1630c891,2022,2,1,1,6668100,438.9,0.0535,124638150.9
r1630c892,2022,1,1,0,4803700,440.2,0.0535,89789338.1
r1630c893,2022,2,0,2,,,0.0535,
r1630c898,2022,1,0,1,,,0.0535,
r1630c899,2022,1,1,0,5962658,424.2,0.0535,111452237.9
r1630c901,2022,2,1,1,4763202,140.3,0.0535,89032361.5
r1630c906,2022,1,0,1,,,0.0535,
r1631c875,2022,2,0,2,,,0.0535,
r1631c876,2022,1,0,1,,,0.0535,
r1631c879,2022,1,1,0,9245434,895.6,0.0535,172812915
r1631c880,2022,1,1,0,11638380,1454.5,0.0535,217541153.1
r1631c887,2022,1,0,0,,,0.0535,
r1631c892,2022,1,0,0,,,0.0535,
r1631c893,2022,1,1,0,7281228,553.9,0.0535,136098558
r1631c896,2022,1,0,1,,,0.0535,
r1631c902,2022,2,0,1,,,0.0535,
r1631c903,2022,2,2,0,15333244,934.7,0.0535,286604457.1
r1631c904,2022,1,0,1,,,0.0535,
r1631c911,2022,2,2,0,16501649,1144,0.0535,308443937.4
r1632c873,2022,1,0,1,,,0.0535,
r1632c874,2022,2,2,0,18396525,1940.7,0.0535,343862398.6
r1632c877,2022,1,0,1,,,0.0535,
r1632c884,2022,1,1,0,4940575,421.7,0.0535,92347765.1
r1632c891,2022,2,1,1,9895106,987.1,0.0535,184956391.7
r1632c895,2022,1,1,0,4008648,337.7,0.0535,74928461.6
r1632c896,2022,1,1,0,4794748,370.4,0.0535,89622010
r1632c903,2022,1,0,1,,,0.0535,
r1632c905,2022,1,0,1,,,0.0535,
r1632c906,2022,1,0,1,,,0.0535,
r1632c907,2022,1,0,1,,,0.0535,
r1632c912,2022,1,0,1,,,0.0535,
r1633c886,2022,2,1,0,3158498,316.6,0.0535,59037709.5
r1633c892,2022,1,0,0,,,0.0535,
r1633c900,2022,1,1,0,4037796,288.2,0.0535,75473287.3
r1633c901,2022,1,0,1,,,0.0535,
r1633c904,2022,1,0,0,,,0.0535,
r1633c906,2022,1,0,1,,,0.0535,
r1633c907,2022,2,2,0,25102688,2218.6,0.0535,469212011.8
r1633c909,2022,1,0,1,,,0.0535,
r1633c910,2022,2,2,0,20561894,1498.5,0.0535,384336834.8
r1633c911,2022,6,1,5,6776905,613.9,0.0535,126671901.8
r1634c877,2022,1,0,0,,,0.0535,
r1634c880,2022,1,1,0,9840066,955.3,0.0535,183927600.3
r1634c889,2022,1,1,0,4642800,271.2,0.0535,86781843
r1634c895,2022,1,0,1,,,0.0535,
r1634c898,2022,1,1,0,7045201,588.9,0.0535,131686811.2
r1634c902,2022,2,2,0,17666363,1278.5,0.0535,330214426.6
r1634c907,2022,1,0,1,,,0.0535,
r1634c908,2022,1,1,0,6279000,452.4,0.0535,117365208.9
r1634c911,2022,6,6,0,127171179,7495.9,0.0535,2377046025.6999998
r1635c876,2022,1,1,0,23725478,667.1,0.0535,443469610.3
r1635c877,2022,1,1,0,6828900,569.5,0.0535,127643776.9
r1635c883,2022,1,1,0,13363750,1081.7,0.0535,249791258.3
r1635c888,2022,1,1,0,7486731,524.5,0.0535,139939759.2
r1635c889,2022,2,0,1,,,0.0535,
r1635c890,2022,1,0,0,,,0.0535,
r1635c891,2022,1,0,0,,,0.0535,
r1635c893,2022,1,0,0,,,0.0535,
r1635c894,2022,1,0,1,,,0.0535,
r1635c895,2022,1,0,1,,,0.0535,
r1635c896,2022,1,0,1,,,0.0535,
r1635c900,2022,1,1,0,5311198,404.8,0.0535,99275340.5
r1635c906,2022,3,1,2,5635538,415.5,0.0535,105337807.8
r1635c907,2022,6,4,2,35165042,3055.4,0.0535,657294553.6
r1635c909,2022,4,3,1,30855242,1945.9,0.0535,576737048
r1635c910,2022,5,3,2,41916576,2271.5,0.0535,783492228.2
r1636c873,2022,3,3,0,19134320,1719.9,0.0535,357653044.3
r1636c883,2022,2,2,0,162561635,10271.7,0.0535,3038553951.0999999
r1636c892,2022,1,1,0,5805000,506.7,0.0535,108505341.3
r1636c893,2022,1,1,0,8640000,728.5,0.0535,161496321.9
r1636c894,2022,1,0,1,,,0.0535,
r1636c895,2022,2,0,2,,,0.0535,
r1636c896,2022,2,2,0,31317945,1985.3,0.0535,585385755.5
r1636c897,2022,1,1,0,2312809,252.1,0.0535,43230341.1
r1636c901,2022,1,1,0,8165093,570.6,0.0535,152619500.9
r1636c904,2022,1,0,0,,,0.0535,
r1636c906,2022,1,0,0,,,0.0535,
r1636c907,2022,1,1,0,13337500,807,0.0535,249300601.1
r1636c908,2022,2,1,1,8940078,658.6,0.0535,167105291
r1636c909,2022,10,4,6,43725230,2656.4,0.0535,817299053.2
r1637c860,2022,1,0,0,,,0.0535,
r1637c881,2022,1,0,1,,,0.0535,
r1637c888,2022,1,0,0,,,0.0535,
r1637c891,2022,1,1,0,880898,114.1,0.0535,16465484.6
r1637c892,2022,1,0,1,,,0.0535,
r1637c894,2022,1,0,0,,,0.0535,
r1637c895,2022,1,0,0,,,0.0535,
r1637c902,2022,1,1,0,5080715,375.4,0.0535,94967220.5
r1637c905,2022,1,1,0,,,0.0535,
r1637c906,2022,1,0,1,,,0.0535,
r1637c908,2022,4,1,3,13948200,814,0.0535,260715624.7
r1637c909,2022,2,2,0,56310862,2663.9,0.0535,1052545960.3
r1638c876,2022,1,1,0,4965799,470.6,0.0535,92819244.7
r1638c880,2022,1,1,0,9995398,917.8,0.0535,186831020
r1638c882,2022,1,1,0,10585774,916.3,0.0535,197866153.4
r1638c887,2022,1,0,0,,,0.0535,
r1638c888,2022,1,0,0,,,0.0535,
r1638c889,2022,1,1,0,5529226,484.6,0.0535,103350655.3
r1638c891,2022,1,1,0,10614892,817.1,0.0535,198410418.5
r1638c894,2022,4,2,1,37648957,2429.9,0.0535,703723157.3
r1638c901,2022,1,0,0,,,0.0535,
r1639c865,2022,1,1,0,6618841,448.3,0.0535,123717416.3
r1639c877,2022,1,1,0,20423520,1411.3,0.0535,381750389
r1639c883,2022,2,1,0,9065407,609.6,0.0535,169447903.6
r1639c892,2022,3,3,0,17165023,1315.1,0.0535,320843527.8
r1639c893,2022,2,1,1,6546031,556.2,0.0535,122356473.3
r1639c895,2022,5,4,1,140621338,8301.7,0.0535,2628452415.5
r1639c898,2022,2,2,0,81399866,5031.6,0.0535,1521502194.8
r1639c901,2022,1,1,0,2686073,213.7,0.0535,50207281.2
r1639c902,2022,1,0,0,,,0.0535,
r1639c903,2022,3,2,1,10323195,708.9,0.0535,192958104.5
r1639c904,2022,2,1,1,,,0.0535,
r1639c905,2022,1,1,0,27394682,1815.4,0.0535,512053285.1
r1640c884,2022,1,1,0,8680000,620.4,0.0535,162243990.1
r1640c887,2022,2,1,0,23148152,1741.5,0.0535,432678403.6
r1640c888,2022,1,0,0,,,0.0535,
r1640c891,2022,1,0,0,,,0.0535,
r1640c893,2022,2,1,1,5504000,603.2,0.0535,102879138.4
r1640c895,2022,1,1,0,25034880,2034.6,0.0535,467944564.8
r1640c898,2022,3,1,2,3534000,234,0.0535,66056481.7
r1640c899,2022,3,2,1,13768603,977.3,0.0535,257358650.7
r1640c901,2022,3,3,0,24743300,1677.6,0.0535,462494437.7
r1640c902,2022,2,1,0,7572799,430.6,0.0535,141548516.8
r1640c904,2022,2,2,0,31503924,2302.9,0.0535,588862019.9
r1640c905,2022,2,1,0,,,0.0535,
r1641c860,2022,1,1,0,5022000,394.7,0.0535,93869737.1
r1641c880,2022,1,1,0,5214000,410.1,0.0535,97458544.3
r1641c890,2022,1,0,0,,,0.0535,
r1641c892,2022,1,1,0,7489569,527.1,0.0535,139992806.3
r1641c897,2022,1,0,0,,,0.0535,
r1641c898,2022,2,1,1,3029585,249.3,0.0535,56628105.8
r1641c899,2022,1,1,0,,,0.0535,
r1641c900,2022,2,0,1,,,0.0535,
r1641c901,2022,2,2,0,21315650,1929.3,0.0535,398425818.8
r1641c902,2022,6,6,0,114681329,9644.2,0.0535,2143589447.5
r1641c903,2022,5,4,1,119891150,10466.9,0.0535,2240969879.0999999
r1641c904,2022,4,4,0,52471525,4043.4,0.0535,980782209.8
r1642c865,2022,1,1,0,24010336,2047.2,0.0535,448794091.7
r1642c875,2022,1,1,0,7199920,577.2,0.0535,134578772.9
r1642c878,2022,1,1,0,7176571,639.9,0.0535,134142340.3
r1642c880,2022,1,1,0,8990493,788.4,0.0535,168047633.3
r1642c888,2022,1,0,1,,,0.0535,
r1642c899,2022,1,0,1,,,0.0535,
r1642c902,2022,5,5,0,51074650,3997.8,0.0535,954672235.9
r1642c903,2022,6,6,0,96657909,8094.4,0.0535,1806701017.0999999
r1642c904,2022,4,4,0,60096264,4273.7,0.0535,1123301573.7
r1642c905,2022,2,2,0,17616515,1188.5,0.0535,329282682.6
r1643c876,2022,1,0,0,,,0.0535,
r1643c879,2022,1,1,0,8519919,762.4,0.0535,159251803.4
r1643c883,2022,1,0,0,,,0.0535,
r1643c887,2022,1,0,0,,,0.0535,
r1643c895,2022,1,0,0,,,0.0535,
r1643c897,2022,3,1,1,,,0.0535,
r1643c901,2022,2,2,0,220712645,20745.6,0.0535,4125495413
r1643c902,2022,8,8,0,257654520,20578,0.0535,4816002002.8999996
r1643c903,2022,1,1,0,9132235,680.3,0.0535,170697032.8
r1643c904,2022,1,1,0,3418589,205.6,0.0535,63899253.4
r1643c905,2022,3,2,1,73655204,7249.1,0.0535,1376741265.7
r1644c863,2022,1,1,0,4958922,428.7,0.0535,92690701.8
r1644c867,2022,1,1,0,9455946,1053.7,0.0535,176747743
r1644c869,2022,1,0,1,,,0.0535,
r1644c876,2022,1,1,0,12457064,1348.3,0.0535,232843752.1
r1644c879,2022,2,2,0,19724694,1909.1,0.0535,368688140.3
r1644c884,2022,1,1,0,16810227,1367.4,0.0535,314211786
r1644c885,2022,1,0,1,,,0.0535,
r1644c888,2022,1,1,0,4748580,376.4,0.0535,88759051.4
r1644c893,2022,1,0,1,,,0.0535,
r1644c894,2022,1,0,1,,,0.0535,
r1644c896,2022,1,1,0,,,0.0535,
r1644c897,2022,3,1,0,6531580,401.4,0.0535,122086359.5
r1644c898,2022,2,2,0,6436572,536,0.0535,120310498.1
r1644c899,2022,1,0,1,,,0.0535,
r1644c901,2022,1,1,0,13110868,979.4,0.0535,245064462.9
r1644c902,2022,5,5,0,236990516,18985.7,0.0535,4429756558.1999998
r1644c903,2022,2,2,0,47587650,3790.8,0.0535,889494264.3
r1644c904,2022,4,4,0,85174557,4900.9,0.0535,1592057601.4000001
r1644c905,2022,2,2,0,27093130,1834.8,0.0535,506416764.4
r1644c906,2022,11,6,5,108675623,6869.6,0.0535,2031332569
r1645c869,2022,1,1,0,8928574,757.3,0.0535,166890261.7
r1645c876,2022,2,1,1,,,0.0535,
r1645c880,2022,1,1,0,11464222,988.9,0.0535,214285843.4
r1645c883,2022,1,1,0,16041448,1327,0.0535,299841996.6
r1645c888,2022,1,0,0,,,0.0535,
r1645c889,2022,1,0,0,,,0.0535,
r1645c893,2022,1,0,0,,,0.0535,
r1645c896,2022,1,0,1,,,0.0535,
r1645c898,2022,2,1,0,,,0.0535,
r1645c901,2022,2,1,0,,,0.0535,
r1645c902,2022,3,3,0,29250251,2193.5,0.0535,546737031.4
r1645c903,2022,2,1,1,6511565,354.4,0.0535,121712245.1
r1645c904,2022,2,1,1,27141543,991.1,0.0535,507321685.8
r1645c905,2022,8,4,4,36427322,2440.6,0.0535,680888717.6
r1645c906,2022,3,3,0,48722875,3526,0.0535,910713553.9
r1646c876,2022,1,0,1,,,0.0535,
r1646c877,2022,1,1,0,4741409,350.6,0.0535,88625013.2
r1646c879,2022,1,1,0,9929270,801.7,0.0535,185594975
r1646c880,2022,2,2,0,15163920,1236.6,0.0535,283439503
r1646c881,2022,1,0,1,,,0.0535,
r1646c884,2022,1,1,0,6558720,589.4,0.0535,122593652.4
r1646c892,2022,1,0,0,,,0.0535,
r1646c896,2022,1,0,0,,,0.0535,
r1646c897,2022,2,1,1,14816470,1210.4,0.0535,276945070.5
r1646c899,2022,2,2,0,19010283,1179.1,0.0535,355334581.4
r1646c900,2022,1,1,0,29246064,2192,0.0535,546658769.3
r1646c901,2022,3,3,0,11018691,893.9,0.0535,205958109.8
r1646c902,2022,3,3,0,29250063,1792.9,0.0535,546733517.4
r1646c903,2022,2,1,1,3886643,235.9,0.0535,72647980.2
r1646c904,2022,8,6,2,33910404,2989.3,0.0535,633843231.6
r1646c905,2022,7,6,1,116213031,7796.4,0.0535,2172219567.6999998
r1646c906,2022,3,3,0,39087944,3115.4,0.0535,730620276.3
r1647c872,2022,1,0,1,,,0.0535,
r1647c876,2022,2,2,0,43285788,4114.2,0.0535,809085133.5
r1647c887,2022,1,1,0,14017185,944.7,0.0535,262005071.9
r1647c888,2022,1,0,1,,,0.0535,
r1647c889,2022,1,0,0,,,0.0535,
r1647c897,2022,3,2,0,6556350,483,0.0535,122549353
r1647c898,2022,1,0,1,,,0.0535,
r1647c899,2022,2,2,0,106920999,8782,0.0535,1998535656.7
r1647c900,2022,2,2,0,14663715,1064.3,0.0535,274089819.2
r1647c901,2022,3,1,1,7607160,509.6,0.0535,142190782.4
r1647c902,2022,4,3,1,14973324,938,0.0535,279876939
r1647c903,2022,4,2,2,10050980,649.5,0.0535,187869942.3
r1647c904,2022,3,3,0,74057099,4789.3,0.0535,1384253368.0999999
r1647c905,2022,15,13,2,265601431,18206.8,0.0535,4964543310.3999996
r1648c871,2022,1,1,0,3761016,381.2,0.0535,70299797.5
r1648c872,2022,1,0,0,,,0.0535,
r1648c875,2022,1,1,0,16703017,1444.7,0.0535,312207848.4
r1648c880,2022,1,1,0,27705600,1445.1,0.0535,517864872.3
r1648c881,2022,1,0,1,,,0.0535,
r1648c882,2022,2,1,1,4516160,477.7,0.0535,84414725.6
r1648c884,2022,1,1,0,6525653,606.7,0.0535,121975573.8
r1648c885,2022,1,1,0,6886856,560.7,0.0535,128727073.3
r1648c886,2022,1,1,0,19593906,1833.9,0.0535,366243489.7
r1648c887,2022,1,1,0,8348886,650,0.0535,156054905.2
r1648c889,2022,2,1,1,5770816,553.2,0.0535,107866384.1
r1648c890,2022,1,1,0,5302954,427.9,0.0535,99121246.1
r1648c894,2022,1,0,0,,,0.0535,
r1648c898,2022,1,0,1,,,0.0535,
r1648c899,2022,1,1,0,,,0.0535,
r1648c901,2022,3,1,2,11297130,723.1,0.0535,211162609.2
r1648c902,2022,3,1,2,4312680,439.4,0.0535,80611337.7
r1648c904,2022,2,2,0,63892220,4605.8,0.0535,1194254459.4000001
r1648c905,2022,4,2,2,97444038,5573,0.0535,1821395107.5999999
r1649c872,2022,1,1,0,11844314,694.8,0.0535,221390410.5
r1649c880,2022,1,1,0,7379952,698.1,0.0535,137943877.8
r1649c885,2022,1,1,0,9384760,778.6,0.0535,175417155.3
r1649c886,2022,2,0,1,,,0.0535,
r1649c887,2022,1,1,0,4628348,413.2,0.0535,86511710.5
r1649c888,2022,1,1,0,6404213,434.8,0.0535,119705653.3
r1649c889,2022,1,1,0,4132875,323.3,0.0535,77250475.9
r1649c892,2022,1,1,0,49658183,1753,0.0535,928196054.1
r1649c896,2022,3,1,1,9127110,688.5,0.0535,170601237.8
r1649c897,2022,2,1,1,9464830,1116.6,0.0535,176913800.1
r1649c899,2022,1,1,0,4855770,462.6,0.0535,90762615.2
r1649c900,2022,1,1,0,15267257,1607.6,0.0535,285371047.6
r1649c901,2022,5,2,3,24058377,1946.5,0.0535,449692059.8
r1649c902,2022,5,5,0,36860477,2493.2,0.0535,688985122.6
r1649c903,2022,4,3,1,26679400,1931.4,0.0535,498683445.7
r1650c877,2022,2,2,0,45055117,2962.9,0.0535,842156907.3
r1650c893,2022,1,0,0,,,0.0535,
r1650c901,2022,5,3,2,16357357,1128.2,0.0535,305746874
r1650c902,2022,3,2,0,5284695,377.4,0.0535,98779954.3
r1651c876,2022,1,1,0,9350502,1041.6,0.0535,174776814.9
r1651c883,2022,1,0,0,,,0.0535,
r1651c890,2022,1,0,1,,,0.0535,
r1651c895,2022,2,1,0,19162069,1342.9,0.0535,358171720.3
r1651c897,2022,1,1,0,6696360,505.3,0.0535,125166378.5
r1651c900,2022,4,3,0,35117582,2723.3,0.0535,656407445.3
r1651c901,2022,2,1,1,8126629,416.6,0.0535,151900543.2
r1652c883,2022,1,1,0,17726861,1476.4,0.0535,331345237.3
r1652c897,2022,1,1,0,4769103,384.9,0.0535,89142661.3
r1652c898,2022,2,2,0,6733872,310.5,0.0535,125867541.7
r1652c899,2022,4,1,3,6895720,473.5,0.0535,128892756.6
r1652c900,2022,1,0,0,,,0.0535,
r1652c902,2022,4,3,1,16341012,1062.6,0.0535,305441358.1
r1652c903,2022,1,1,0,11010580,743.2,0.0535,205806501.4
r1653c881,2022,1,1,0,13857498,1034.2,0.0535,259020249.8
r1653c883,2022,1,0,0,,,0.0535,
r1653c885,2022,1,1,0,13422953,826.4,0.0535,250897863.3
r1653c896,2022,1,0,1,,,0.0535,
r1653c898,2022,3,2,1,9405011,647.8,0.0535,175795681
r1653c899,2022,1,0,1,,,0.0535,
r1653c900,2022,1,0,1,,,0.0535,
r1653c901,2022,3,1,2,14014000,906.7,0.0535,261945538.8
r1654c879,2022,1,1,0,6919349,652.1,0.0535,129334422.9
r1654c893,2022,1,1,0,28108898,1728.7,0.0535,525403199.1
r1654c896,2022,1,1,0,40236144,2991.3,0.0535,752082090.8
r1654c897,2022,3,2,1,4801500,323.6,0.0535,89748216.4
r1654c898,2022,2,0,0,,,0.0535,
r1654c899,2022,1,0,1,,,0.0535,
r1654c900,2022,2,2,0,22196654,1868.3,0.0535,414893284.7
r1654c901,2022,3,3,0,18680518,1727,0.0535,349170711.6
r1654c902,2022,1,1,0,31594075,1872.6,0.0535,590547095.7
r1655c883,2022,1,1,0,4643487,386.9,0.0535,86794684.2
r1655c884,2022,1,0,1,,,0.0535,
r1655c887,2022,1,0,0,,,0.0535,
r1655c888,2022,1,0,0,,,0.0535,
r1655c889,2022,1,0,1,,,0.0535,
r1655c895,2022,2,1,0,8411345,1005.7,0.0535,157222370.4
r1655c896,2022,2,2,0,12308903,772,0.0535,230074370.5
r1655c897,2022,2,1,1,,,0.0535,
r1655c900,2022,2,2,0,9869813,710.2,0.0535,184483622.4
r1656c883,2022,1,0,1,,,0.0535,
r1656c885,2022,2,1,0,15139880,1378.4,0.0535,282990154.4
r1656c892,2022,2,1,1,16850000,1005.6,0.0535,314955211.1
r1656c893,2022,1,1,0,17743895,1109.7,0.0535,331663631.8
r1656c894,2022,2,1,1,6194313,398.8,0.0535,115782264.6
r1656c896,2022,4,1,3,40792766,3133.4,0.0535,762486304.4
r1656c897,2022,6,0,6,,,0.0535,
r1656c898,2022,3,3,0,42553445,2647.3,0.0535,795396394.9
r1656c899,2022,4,3,0,36827701,2324.1,0.0535,688372483.3
r1656c900,2022,5,4,1,127485616,7259.9,0.0535,2382923389
r1657c874,2022,1,1,0,32262901,3147.1,0.0535,603048593.3
r1657c876,2022,1,0,1,,,0.0535,
r1657c886,2022,1,1,0,31829912,1072.9,0.0535,594955291.1
r1657c891,2022,1,1,0,4821404,365.5,0.0535,90120256.1
r1657c892,2022,1,1,0,12565978,922.3,0.0535,234879540.3
r1657c895,2022,1,1,0,42371495,2558.7,0.0535,791995439.4
r1657c896,2022,8,0,7,,,0.0535,
r1657c897,2022,3,1,2,6647745,477.2,0.0535,124257681.3
r1657c898,2022,3,3,0,79945357,5044.4,0.0535,1494314943.3
r1657c899,2022,5,5,0,201560121,11453.8,0.0535,3767502104.9000001
r1658c876,2022,1,1,0,9431080,722.5,0.0535,176282955.1
r1658c878,2022,2,2,0,17753766,1420.4,0.0535,331848137.6
r1658c889,2022,1,1,0,,,0.0535,
r1658c891,2022,1,1,0,8818961,603.3,0.0535,164841407.9
r1658c894,2022,1,1,0,7983398,615.5,0.0535,149223311.7
r1658c896,2022,1,0,1,,,0.0535,
r1658c897,2022,7,1,6,6364208,424.1,0.0535,118957891.7
r1658c898,2022,3,3,0,42007950,2183,0.0535,785200163.9
r1658c899,2022,3,3,0,95757014,5878.2,0.0535,1789861754.5
r1659c874,2022,1,1,0,6976965,576,0.0535,130411364.1
r1659c880,2022,2,2,0,14741965,1182.8,0.0535,275552445.1
r1659c882,2022,1,1,0,20584277,1096.4,0.0535,384755211.2
r1659c884,2022,1,0,1,,,0.0535,
r1659c892,2022,1,1,0,6195386,474.5,0.0535,115802320.8
r1659c896,2022,1,1,0,76849704,5824.7,0.0535,1436451913.9000001
r1659c897,2022,3,3,0,43464545,2302.9,0.0535,812426406.4
r1659c898,2022,3,2,0,78362431,4914.3,0.0535,1464727359.0999999
r1660c875,2022,1,1,0,9001501,656.4,0.0535,168253391.6
r1660c878,2022,1,1,0,6617169,658.9,0.0535,123686163.8
r1660c881,2022,1,0,1,,,0.0535,
r1660c882,2022,1,1,0,633524383,42559.5,0.0535,11841650196.6000004
r1660c883,2022,1,1,0,10791627,793.8,0.0535,201713896.8
r1660c884,2022,1,0,1,,,0.0535,
r1660c887,2022,1,0,1,,,0.0535,
r1660c894,2022,1,0,1,,,0.0535,
r1660c895,2022,2,2,0,20312268,1338.3,0.0535,379670899.5
r1660c896,2022,2,1,0,5761158,356.1,0.0535,107685859.6
r1660c897,2022,3,2,1,8614330,564.4,0.0535,161016505.9
r1660c898,2022,5,5,0,124312143,7720.8,0.0535,2323605771.3000002
r1660c899,2022,2,2,0,74110205,4723,0.0535,1385246009.7
r1661c878,2022,1,1,0,4853066,639.5,0.0535,90712072.8
r1661c879,2022,1,0,0,,,0.0535,
r1661c881,2022,2,2,0,30312107,2203.9,0.0535,566584929.4
r1661c885,2022,1,1,0,7131291,678,0.0535,133295980
r1661c894,2022,1,1,0,10115723,923.2,0.0535,189080099.3
r1661c896,2022,1,1,0,11424135,758.6,0.0535,213536549
r1661c897,2022,1,0,1,,,0.0535,
r1661c898,2022,2,1,1,6125424,806.6,0.0535,114494611.8
r1662c881,2022,1,1,0,4623990,608.9,0.0535,86430252
r1662c884,2022,1,0,0,,,0.0535,
r1662c894,2022,5,3,1,12704243,765,0.0535,237463948.8
r1662c895,2022,5,4,1,14526356,1421.4,0.0535,271522345.5
r1662c896,2022,1,1,0,18627240,1727.5,0.0535,348174855
r1662c897,2022,6,1,3,11112521,749.6,0.0535,207711952.4
r1663c874,2022,1,1,0,5881635,440.3,0.0535,109937780
r1663c877,2022,1,1,0,3672969,443.8,0.0535,68654049.1
r1663c878,2022,1,0,0,,,0.0535,
r1663c881,2022,2,2,0,19091892,1331.6,0.0535,356859992.6
r1663c882,2022,1,1,0,6661627,446.2,0.0535,124517159.5
r1663c883,2022,1,1,0,23894600,2185.8,0.0535,446630788.6
r1663c884,2022,1,0,0,,,0.0535,
r1663c888,2022,2,1,1,21358120,1889.2,0.0535,399219655.4
r1663c891,2022,2,2,0,6934159,536,0.0535,129611247
r1663c892,2022,3,2,0,18988028,1510.2,0.0535,354918597.5
r1663c894,2022,2,2,0,868359744,81323.8,0.0535,16231123235.7000008
r1663c896,2022,5,4,0,65851301,3991.7,0.0535,1230873021.4000001
r1663c897,2022,8,7,1,141754693,11121.3,0.0535,2649636751.5999999
r1663c898,2022,2,1,1,1658391179,,0.0535,30998156910.5
r1664c875,2022,1,0,0,,,0.0535,
r1664c877,2022,3,2,0,7117104,865.4,0.0535,133030800.8
r1664c878,2022,1,0,0,,,0.0535,
r1664c880,2022,2,1,1,10934263,807.4,0.0535,204380006.6
r1664c887,2022,1,0,0,,,0.0535,
r1664c888,2022,1,0,0,,,0.0535,
r1664c890,2022,1,0,0,,,0.0535,
r1664c895,2022,1,1,0,16416800,1314,0.0535,306857965
r1664c896,2022,1,0,1,,,0.0535,
r1664c897,2022,8,8,0,53506130,3999.1,0.0535,1000120740.2
r1664c898,2022,8,7,1,150660866,9680.7,0.0535,2816108300.4000001
r1665c877,2022,1,0,0,,,0.0535,
r1665c879,2022,1,0,1,,,0.0535,
r1665c880,2022,2,1,0,8053200,503.3,0.0535,150528030.1
r1665c886,2022,1,1,0,4262324,269.6,0.0535,79670098.2
r1665c889,2022,5,2,1,33047410,2383,0.0535,617712403.2
r1665c890,2022,1,1,0,11609000,806.8,0.0535,216991990.9
r1665c891,2022,3,3,0,28071453,1869.3,0.0535,524703288.2
r1665c892,2022,1,1,0,22406966,1294.1,0.0535,418824374.3
r1665c893,2022,1,1,0,4672500,319.8,0.0535,87336986.6
r1665c896,2022,6,4,2,75870244,4794.3,0.0535,1418144137.5999999
r1665c897,2022,12,10,2,229514957,14255.6,0.0535,4290025622.6999998
r1666c877,2022,1,0,0,,,0.0535,
r1666c878,2022,1,1,0,,,0.0535,
r1666c879,2022,1,0,0,,,0.0535,
r1666c881,2022,2,0,1,,,0.0535,
r1666c882,2022,1,0,1,,,0.0535,
r1666c883,2022,1,0,1,,,0.0535,
r1666c886,2022,1,1,0,17130720,1909.5,0.0535,320202346.3
r1666c888,2022,1,1,0,26559887,2507.1,0.0535,496449544.1
r1666c889,2022,1,1,0,8938338,577.1,0.0535,167072767.5
r1666c890,2022,1,1,0,9429062,740.1,0.0535,176245235.2
r1666c891,2022,2,1,1,9105810,622.4,0.0535,170203104.5
r1666c893,2022,1,0,1,,,0.0535,
r1666c894,2022,1,1,0,21833001,1858.2,0.0535,408095990.5
r1666c896,2022,1,1,0,10906500,742.4,0.0535,203861068.9
r1666c897,2022,17,13,4,201503064,12989.2,0.0535,3766435612.4000001
r1666c898,2022,1,1,0,33047476,1984,0.0535,617713636.9
r1667c875,2022,1,1,0,5581815,374.5,0.0535,104333633.3
r1667c876,2022,1,0,0,,,0.0535,
r1667c877,2022,1,0,1,,,0.0535,
r1667c880,2022,1,1,0,,,0.0535,
r1667c882,2022,3,2,0,4736320,309.3,0.0535,88529891.1
r1667c885,2022,2,2,0,227232297,12417.1,0.0535,4247358817.8000002
r1667c886,2022,1,0,1,,,0.0535,
r1667c887,2022,4,4,0,46248954,3800,0.0535,864471755
r1667c888,2022,1,1,0,19925709,2353.3,0.0535,372445453.1
r1667c889,2022,2,2,0,38740086,2747.7,0.0535,724118217.6
r1667c890,2022,2,1,1,13370665,1200.2,0.0535,249920511.5
r1667c891,2022,1,0,0,,,0.0535,
r1667c893,2022,3,2,1,26924925,2277.5,0.0535,503272726.3
r1667c896,2022,5,3,1,66410585,4790.6,0.0535,1241326992.3
r1667c897,2022,15,15,0,592188157,41547.4,0.0535,11069005698.7999992
r1667c898,2022,1,1,0,155713299,13156.8,0.0535,2910546882.1999998
r1667c899,2022,1,1,0,88921278,9640.3,0.0535,1662090201.0999999
r1667c900,2022,1,1,0,19792500,1923.4,0.0535,369955549.9
r1668c868,2022,1,1,0,4256270,333.7,0.0535,79556938.7
r1668c876,2022,1,0,0,,,0.0535,
r1668c877,2022,1,1,0,12770234,574.5,0.0535,238697433
r1668c878,2022,1,0,0,,,0.0535,
r1668c880,2022,3,1,1,13024239,885.8,0.0535,243445219.2
r1668c881,2022,1,0,0,,,0.0535,
r1668c882,2022,2,1,0,8602000,888.7,0.0535,160786037.2
r1668c889,2022,3,2,1,51515191,3079.3,0.0535,962906697.8
r1668c891,2022,1,1,0,12745442,879.9,0.0535,238234028.3
r1668c894,2022,3,2,0,45202780,3174.1,0.0535,844916980.4
r1668c895,2022,1,0,1,,,0.0535,
r1668c896,2022,8,8,0,218357259,15729.1,0.0535,4081469235.1999998
r1668c897,2022,20,13,7,324608604,22767.3,0.0535,6067487917.6000004
r1669c868,2022,2,1,1,4340207,268.5,0.0535,81125864.2
r1669c869,2022,1,1,0,5425000,341.8,0.0535,101402493.8
r1669c870,2022,1,0,0,,,0.0535,
r1669c871,2022,1,0,0,,,0.0535,
r1669c874,2022,1,0,0,,,0.0535,
r1669c883,2022,1,1,0,7465461,712,0.0535,139542186.7
r1669c884,2022,1,1,0,4803391,357.3,0.0535,89783562.4
r1669c885,2022,2,2,0,25769650,2272.4,0.0535,481678668.1
r1669c886,2022,1,1,0,32937600,3031.3,0.0535,615659867.2
r1669c887,2022,2,1,1,493895220,39602.7,0.0535,9231743222.5
r1669c888,2022,3,3,0,18989793,2031.7,0.0535,354951588.4
r1669c890,2022,1,0,1,,,0.0535,
r1669c893,2022,2,2,0,67038674,7980.3,0.0535,1253067046
r1669c894,2022,1,1,0,24888000,3148.3,0.0535,465199127.3
r1669c895,2022,17,13,4,269146847,18999,0.0535,5030813176.6000004
r1669c896,2022,16,15,1,453805983,36021.2,0.0535,8482407073.8999996
r1669c897,2022,3,1,2,6776460,885.2,0.0535,126663584
r1670c870,2022,1,1,0,22327797,1294.8,0.0535,417344570.8
r1670c873,2022,1,1,0,3878739,291.3,0.0535,72500241
r1670c878,2022,3,2,1,15825580,1144.2,0.0535,295807055.8
r1670c881,2022,1,0,0,,,0.0535,
r1670c885,2022,2,1,0,,,0.0535,
r1670c886,2022,2,2,0,25999832,2645.6,0.0535,485981161.9
r1670c887,2022,2,0,2,,,0.0535,
r1670c888,2022,5,4,1,1557625940,94519.2,0.0535,29114682897.2000008
r1670c889,2022,1,1,0,6608999,511.4,0.0535,123533452.6
r1670c890,2022,4,3,1,41256598,3015.1,0.0535,771156114.8
r1670c891,2022,3,2,1,39435621,3428.5,0.0535,737118951.9
r1670c892,2022,9,9,0,80189007,6984.6,0.0535,1498869176.9000001
r1670c893,2022,3,3,0,33634187,2715.8,0.0535,628680265.2
r1670c894,2022,6,6,0,251648116,21459.9,0.0535,4703732077.6999998
r1670c895,2022,8,5,3,181724632,6706.4,0.0535,3396743017.3000002
r1670c896,2022,17,16,0,636498697,63941.4,0.0535,11897245193.2999992
r1670c897,2022,17,14,3,342659534,29799.4,0.0535,6404890556.8000002
r1671c866,2022,1,1,0,6760350,583.3,0.0535,126362460.6
r1671c867,2022,1,1,0,8542665,773.3,0.0535,159676964.9
r1671c871,2022,1,1,0,12913038,903.6,0.0535,241366683.1
r1671c873,2022,1,0,0,,,0.0535,
r1671c874,2022,1,0,0,,,0.0535,
r1671c876,2022,2,0,1,,,0.0535,
r1671c878,2022,1,1,0,10022593,782,0.0535,187339340.9
r1671c879,2022,2,0,0,,,0.0535,
r1671c881,2022,2,1,0,8507200,1079.4,0.0535,159014063.6
r1671c883,2022,2,1,0,8971009,610.5,0.0535,167683444.1
r1671c884,2022,2,1,1,13803813,1054.4,0.0535,258016785.6
r1671c885,2022,2,0,1,,,0.0535,
r1671c886,2022,1,1,0,8868700,652.3,0.0535,165771114.6
r1671c887,2022,2,2,0,51246548,3427.3,0.0535,957885302.4
r1671c888,2022,5,5,0,46371470,3362.5,0.0535,866761787.8
r1671c889,2022,3,3,0,106533919,9217.5,0.0535,1991300472
r1671c890,2022,8,8,0,67132126,5100.1,0.0535,1254813823.0999999
r1671c891,2022,10,9,1,114137228,7935.8,0.0535,2133419272.7
r1671c892,2022,11,11,0,160407278,12287.4,0.0535,2998285347.9000001
r1671c893,2022,16,13,3,216192851,22546.6,0.0535,4041012761.6999998
r1671c894,2022,14,13,1,848066242,96332.2,0.0535,15851803104.7000008
r1671c895,2022,21,18,3,917508487,80425.7,0.0535,17149796988.1000004
r1671c896,2022,22,17,5,592864363,50412.1,0.0535,11081645141.2000008
r1671c897,2022,5,4,1,332352543,26493.8,0.0535,6212235332.6000004
r1672c867,2022,2,0,2,,,0.0535,
r1672c868,2022,6,4,1,23050230,1811.7,0.0535,430848074.6
r1672c869,2022,2,1,1,12610110,747.9,0.0535,235704442.6
r1672c870,2022,1,0,1,,,0.0535,
r1672c874,2022,2,0,2,,,0.0535,
r1672c875,2022,1,0,0,,,0.0535,
r1672c876,2022,3,1,2,10406739,979.5,0.0535,194519684.2
r1672c877,2022,1,1,0,23866405,1547.2,0.0535,446103776
r1672c879,2022,1,1,0,6899929,608.9,0.0535,128971430
r1672c880,2022,2,1,1,9217286,809.5,0.0535,172286780.9
r1672c883,2022,2,2,0,13693919,965.4,0.0535,255962679.5
r1672c884,2022,1,1,0,21258600,2007.1,0.0535,397359457.1
r1672c885,2022,3,2,1,7807241,515.3,0.0535,145930637.2
r1672c886,2022,1,1,0,6041750,444.5,0.0535,112930602.2
r1672c887,2022,4,1,2,9900000,885.5,0.0535,185047868.9
r1672c888,2022,6,5,1,52373013,4256.9,0.0535,978940852.7
r1672c889,2022,3,2,1,32226355,2144.9,0.0535,602365486.3
r1672c890,2022,18,15,1,169253587,15199,0.0535,3163637936.5
r1672c891,2022,12,10,2,122257870,9430.2,0.0535,2285207908.5999999
r1672c892,2022,17,13,4,229109679,16247.6,0.0535,4282450286.3000002
r1672c893,2022,2,1,1,190594614,12830,0.0535,3562538094.6999998
r1672c894,2022,9,9,0,762536283,84228.9,0.0535,14253102434.2999992
r1672c895,2022,25,25,0,1031086737,111232.8,0.0535,19272768009.5
r1672c896,2022,28,23,4,579443287,59214.6,0.0535,10830782362.2000008
r1672c897,2022,26,20,5,652070903,49648.5,0.0535,12188316257.2999992
r1673c865,2022,1,1,0,3947400,214.3,0.0535,73783632.1
r1673c867,2022,2,1,0,5275526,334.1,0.0535,98608570
r1673c868,2022,2,1,0,15707426,780.9,0.0535,293598556.2
r1673c869,2022,1,0,1,,,0.0535,
r1673c870,2022,1,0,0,,,0.0535,
r1673c878,2022,2,0,1,,,0.0535,
r1673c879,2022,1,1,0,8420193,603.1,0.0535,157387754.6
r1673c880,2022,3,2,0,8746886,593.1,0.0535,163494203.4
r1673c881,2022,1,0,0,,,0.0535,
r1673c884,2022,1,0,0,,,0.0535,
r1673c887,2022,1,1,0,12543150,678.6,0.0535,234452846.1
r1673c888,2022,2,0,1,,,0.0535,
r1673c889,2022,4,2,2,25892094,1002.9,0.0535,483967355.1
r1673c890,2022,7,3,4,32844540,2728.4,0.0535,613920417.2
r1673c891,2022,6,5,0,64309441,5122.6,0.0535,1202053030.8
r1673c892,2022,7,6,1,91023917,7021.3,0.0535,1701392106.7
r1673c893,2022,17,14,1,307096435,26633.2,0.0535,5740155639.6000004
r1673c894,2022,13,11,1,684568337,75422.3,0.0535,12795748672
r1673c895,2022,26,19,4,733789653,63532,0.0535,13715778937.5
r1673c896,2022,30,23,7,773720625,69705,0.0535,14462156843.5
r1673c897,2022,10,9,0,759185655,73065.5,0.0535,14190473487.7000008
r1673c898,2022,6,6,0,431309006,22639.2,0.0535,8061900240.6000004
r1673c899,2022,2,2,0,145535832,11713.1,0.0535,2720312682.3000002
r1674c867,2022,2,2,0,10556000,774.7,0.0535,197309626.6
r1674c868,2022,4,1,3,9713261,690.4,0.0535,181557398.8
r1674c870,2022,1,0,1,,,0.0535,
r1674c878,2022,3,1,2,9462150,671.7,0.0535,176863706.3
r1674c880,2022,2,1,0,20259281,2048.6,0.0535,378680482.2
r1674c881,2022,1,1,0,,,0.0535,
r1674c882,2022,1,1,0,9197496,609.8,0.0535,171916872.1
r1674c885,2022,1,0,1,,,0.0535,
r1674c887,2022,2,2,0,15049223,952.2,0.0535,281295620.6
r1674c888,2022,3,3,0,12344702,1413.6,0.0535,230743514.8
r1674c889,2022,1,1,0,2977618,230.2,0.0535,55656754.1
r1674c890,2022,3,2,1,47943731,3340,0.0535,896150024.9
r1674c891,2022,4,1,2,46707119,3796.3,0.0535,873035639.6
r1674c892,2022,6,5,1,121342631,9378.4,0.0535,2268100532.1999998
r1674c893,2022,16,14,1,238930053,17426.8,0.0535,4466009809.6000004
r1674c894,2022,7,5,2,244825950,23481.9,0.0535,4576214170.6999998
r1674c895,2022,14,11,3,506272354,49496.1,0.0535,9463092946.6000004
r1674c896,2022,16,15,1,754206326,79133.5,0.0535,14097401344.2999992
r1674c897,2022,20,17,2,1024264422,87089.7,0.0535,19145247317.4000015
r1674c898,2022,12,9,3,669140511,53923.1,0.0535,12507376316.2000008
r1674c899,2022,5,5,0,233495189,14178.7,0.0535,4364422940.8000002
r1675c867,2022,1,0,0,,,0.0535,
r1675c868,2022,1,0,1,,,0.0535,
r1675c871,2022,1,0,0,,,0.0535,
r1675c877,2022,3,2,0,24197435,1220,0.0535,452291290.8
r1675c879,2022,1,1,0,5081900,337.2,0.0535,94989370.2
r1675c884,2022,1,1,0,4708148,317.4,0.0535,88003308.5
r1675c885,2022,1,0,1,,,0.0535,
r1675c886,2022,1,0,0,,,0.0535,
r1675c888,2022,1,0,0,,,0.0535,
r1675c889,2022,1,1,0,4263600,340.2,0.0535,79693948.9
r1675c891,2022,3,1,2,1917108,188.1,0.0535,35834015.1
r1675c892,2022,5,2,3,16173771,1243,0.0535,302315338.9
r1675c893,2022,6,6,0,242992153,13476,0.0535,4541937380.1000004
r1675c894,2022,14,12,1,219776261,14763.3,0.0535,4107992800.5
r1675c895,2022,14,13,0,260957474,21846.8,0.0535,4877739841.1999998
r1675c896,2022,18,17,1,508897357,38287.9,0.0535,9512158725.5
r1675c897,2022,18,17,1,764180525,64058.4,0.0535,14283836118.8999996
r1675c898,2022,12,12,0,632108069,46883.2,0.0535,11815176874.7000008
r1675c899,2022,4,4,0,427183260,29568.5,0.0535,7984783017.8000002
r1675c901,2022,1,0,1,,,0.0535,
r1676c869,2022,1,1,0,6619732,485.2,0.0535,123734070.6
r1676c876,2022,1,1,0,29663718,3136.7,0.0535,554465434.2
r1676c878,2022,1,1,0,6333300,489.8,0.0535,118380168.5
r1676c881,2022,1,0,1,,,0.0535,
r1676c886,2022,1,0,1,,,0.0535,
r1676c887,2022,1,1,0,7211641,557.6,0.0535,134797858.4
r1676c888,2022,1,1,0,12101140,1351.9,0.0535,226190926
r1676c890,2022,3,3,0,44071559,3144,0.0535,823772532.4
r1676c891,2022,5,4,1,42962072,3668.2,0.0535,803034329.8
r1676c892,2022,5,5,0,54940899,3914,0.0535,1026939017.5
r1676c893,2022,4,4,0,102016992,5998.3,0.0535,1906871409.8
r1676c894,2022,19,17,2,230027894,19640.6,0.0535,4299613289.3000002
r1676c895,2022,24,17,6,226381639,17753.9,0.0535,4231458570.4000001
r1676c896,2022,18,15,2,417562995,23225.3,0.0535,7804963872.8000002
r1676c897,2022,26,21,5,700231907,65578.7,0.0535,13088527484.7999992
r1676c898,2022,20,18,2,1369639283,107102.4,0.0535,25600891962.5999985
r1676c899,2022,10,8,2,382146009,27551.2,0.0535,7142960056.5
r1677c867,2022,1,0,0,,,0.0535,
r1677c869,2022,1,0,0,,,0.0535,
r1677c871,2022,1,0,0,,,0.0535,
r1677c876,2022,1,0,1,,,0.0535,
r1677c879,2022,2,2,0,29625582,2552.3,0.0535,553752607.4
r1677c883,2022,1,0,0,,,0.0535,
r1677c889,2022,2,1,1,32165915,1713.7,0.0535,601235759.7
r1677c890,2022,1,1,0,3248325,261.8,0.0535,60716729.2
r1677c891,2022,1,1,0,,,0.0535,
r1677c892,2022,3,1,1,13699517,1410.8,0.0535,256067315.7
r1677c893,2022,7,7,0,385174153,34098.6,0.0535,7199561227.6000004
r1677c894,2022,10,7,2,420419215,33840,0.0535,7858351491.3999996
r1677c895,2022,16,15,1,258278554,18349.5,0.0535,4827666261.6999998
r1677c896,2022,26,18,7,656205770,55321.9,0.0535,12265603967
r1677c897,2022,19,19,0,880878661,82357.4,0.0535,16465123125.7000008
r1677c898,2022,13,13,0,601502918,44786.7,0.0535,11243114453.6000004
r1678c871,2022,3,0,3,,,0.0535,
r1678c873,2022,1,1,0,9717632,513.1,0.0535,181639100.2
r1678c875,2022,1,0,0,,,0.0535,
r1678c880,2022,1,1,0,10971196,939.3,0.0535,205070347.3
r1678c881,2022,1,1,0,64269249,6196.7,0.0535,1201301773.8
r1678c882,2022,2,2,0,15720320,1135.8,0.0535,293839567.1
r1678c888,2022,1,0,0,,,0.0535,
r1678c889,2022,1,1,0,3385040,285.2,0.0535,63272165.5
r1678c890,2022,1,0,1,,,0.0535,
r1678c893,2022,2,1,1,11093677,731.1,0.0535,207359725.9
r1678c894,2022,1,1,0,6631920,417.4,0.0535,123961885.1
r1678c895,2022,9,8,1,122154848,10054.4,0.0535,2283282251.9000001
r1678c896,2022,21,17,3,393325887,28829,0.0535,7351931026
r1678c897,2022,16,12,4,683935664,57726.3,0.0535,12783922935.6000004
r1678c898,2022,24,21,2,404754261,27235.8,0.0535,7565546809.1999998
r1679c869,2022,1,0,1,,,0.0535,
r1679c877,2022,1,1,0,9572180,658.1,0.0535,178920354.5
r1679c878,2022,1,1,0,6335560,527,0.0535,118422411.7
r1679c882,2022,1,1,0,6128892,436.7,0.0535,114559434.7
r1679c883,2022,1,1,0,5934464,510.3,0.0535,110925244
r1679c884,2022,2,1,0,255786587,15171.8,0.0535,4781087152.3000002
r1679c886,2022,1,1,0,9281821,606.7,0.0535,173493050
r1679c887,2022,3,2,1,13135144,1279,0.0535,245518222.7
r1679c888,2022,3,3,0,36739565,2716,0.0535,686725071.3
r1679c889,2022,1,0,1,,,0.0535,
r1679c890,2022,1,1,0,18985822,1745,0.0535,354877363.6
r1679c892,2022,1,1,0,24712776,1648.1,0.0535,461923892.2
r1679c893,2022,7,7,0,71805839,5633,0.0535,1342173482.7
r1679c894,2022,10,9,1,104205897,7604.9,0.0535,1947785774
r1679c895,2022,18,15,3,349350098,23398.3,0.0535,6529948598.1999998
r1679c896,2022,26,25,1,281034713,21467.9,0.0535,5253017648.1999998
r1680c867,2022,1,0,0,,,0.0535,
r1680c870,2022,1,0,0,,,0.0535,
r1680c872,2022,1,1,0,,,0.0535,
r1680c873,2022,1,1,0,23613112,1199.6,0.0535,441369298.3
r1680c875,2022,2,2,0,14449840,1157.7,0.0535,270092131.1
r1680c879,2022,1,0,0,,,0.0535,
r1680c882,2022,2,2,0,26141340,2324.8,0.0535,488626187.5
r1680c883,2022,1,1,0,2068222,127,0.0535,38658593.3
r1680c884,2022,3,1,1,82888388,4012.7,0.0535,1549325207.4000001
r1680c885,2022,1,1,0,9807557,699.2,0.0535,183319951.7
r1680c886,2022,2,2,0,23173020,1565.6,0.0535,433143228.9
r1680c887,2022,2,2,0,13864038,849.4,0.0535,259142493.5
r1680c888,2022,2,2,0,20362908,1807.8,0.0535,380617447.4
r1680c889,2022,2,0,1,,,0.0535,
r1680c890,2022,2,1,1,1420173,186.3,0.0535,26545453.2
r1680c892,2022,6,4,2,26017492,1991.6,0.0535,486311257.3
r1680c893,2022,2,2,0,17572260,1745.2,0.0535,328455481.2
r1680c894,2022,5,4,0,80188953,6365,0.0535,1498868167.5999999
r1680c895,2022,10,10,0,190472904,12151.6,0.0535,3560263127.4000001
r1680c896,2022,30,27,3,308039373,23598,0.0535,5757780757.5
r1680c897,2022,8,8,0,204432471,14707.7,0.0535,3821191220.6999998
r1681c859,2022,1,0,1,,,0.0535,
r1681c871,2022,1,1,0,18629713,1929.9,0.0535,348221079.6
r1681c872,2022,1,0,1,,,0.0535,
r1681c873,2022,1,1,0,39487328,997.4,0.0535,738085443.8
r1681c874,2022,1,1,0,17515028,1660.7,0.0535,327385717.6
r1681c875,2022,2,1,0,6843898,512.7,0.0535,127924115.1
r1681c878,2022,1,1,0,4790554,391.9,0.0535,89543617
r1681c879,2022,1,0,1,,,0.0535,
r1681c880,2022,1,1,0,15870691,1201.6,0.0535,296650257.3
r1681c881,2022,2,0,2,,,0.0535,
r1681c882,2022,4,2,2,208761882,12963.1,0.0535,3902115289.3000002
r1681c884,2022,2,0,2,,,0.0535,
r1681c886,2022,1,0,0,,,0.0535,
r1681c887,2022,1,1,0,2358642,180.5,0.0535,44087037.9
r1681c888,2022,4,0,3,,,0.0535,
r1681c889,2022,2,0,1,,,0.0535,
r1681c891,2022,5,4,1,128792088,9696.6,0.0535,2407343576.8000002
r1681c892,2022,3,3,0,60868171,4587.2,0.0535,1137729830.8
r1681c894,2022,5,4,1,56882283,3581.2,0.0535,1063226792.4
r1681c895,2022,12,8,4,226090223,13133,0.0535,4226011508.8000002
r1681c896,2022,20,20,0,290800289,21442.7,0.0535,5435552903.3999996
r1682c861,2022,1,1,0,5632115,424,0.0535,105273826.1
r1682c864,2022,1,1,0,7540200,509.8,0.0535,140939185.9
r1682c876,2022,1,1,0,7120762,702,0.0535,133099175
r1682c878,2022,1,0,1,,,0.0535,
r1682c879,2022,2,2,0,15030730,1098.1,0.0535,280949954.9
r1682c882,2022,1,0,0,,,0.0535,
r1682c883,2022,1,1,0,6270000,487.5,0.0535,117196983.6
r1682c884,2022,3,1,2,5624198,444.3,0.0535,105125843.8
r1682c885,2022,2,1,1,3692398,486.1,0.0535,69017210.2
r1682c886,2022,4,3,1,10495128,929.6,0.0535,196171825.2
r1682c887,2022,1,1,0,5915842,579.4,0.0535,110577167.1
r1682c888,2022,3,3,0,22365745,1604.2,0.0535,418053883.6
r1682c889,2022,1,1,0,6793063,509.3,0.0535,126973922.3
r1682c890,2022,1,1,0,16487904,1312.4,0.0535,308187019.9
r1682c892,2022,1,1,0,,,0.0535,
r1682c893,2022,1,1,0,5940667,340.1,0.0535,111041188.7
r1682c894,2022,1,1,0,4446900,324.8,0.0535,83120138.2
r1682c895,2022,6,6,0,174445470,11466.2,0.0535,3260683076.4000001
r1682c896,2022,1,0,1,,,0.0535,
r1683c864,2022,1,1,0,10467541,900.6,0.0535,195656177.2
r1683c867,2022,1,1,0,8580448,888.5,0.0535,160383193.6
r1683c872,2022,1,1,0,12886089,1029,0.0535,240862960.3
r1683c875,2022,1,0,1,,,0.0535,
r1683c876,2022,1,1,0,9604386,855.7,0.0535,179522339.5
r1683c877,2022,2,2,0,17119771,1550.8,0.0535,319997690.8
r1683c881,2022,2,0,1,,,0.0535,
r1683c882,2022,3,1,1,5946618,357.8,0.0535,111152423
r1683c883,2022,3,1,2,3718946,356.5,0.0535,69513437.5
r1683c884,2022,1,1,0,3621880,360.3,0.0535,67699108.6
r1683c887,2022,1,0,1,,,0.0535,
r1683c888,2022,1,1,0,8487600,838.1,0.0535,158647706.2
r1683c890,2022,1,1,0,5868970,523.1,0.0535,109701049.6
r1683c892,2022,1,1,0,5029274,361.7,0.0535,94005700.6
r1683c893,2022,1,1,0,5244000,379,0.0535,98019295.4
r1683c894,2022,4,4,0,61798740,4300.4,0.0535,1155123751
r1684c862,2022,2,2,0,112536557,5233,0.0535,2103500004.2
r1684c863,2022,1,1,0,4883687,451.9,0.0535,91284431.5
r1684c865,2022,1,1,0,6240000,456.3,0.0535,116636232.5
r1684c868,2022,1,1,0,5391889,530.5,0.0535,100783592.8
r1684c869,2022,1,1,0,26015407,2238.1,0.0535,486272285.1
r1684c872,2022,1,1,0,13133063,1082.9,0.0535,245479325.2
r1684c875,2022,1,1,0,9107910,736.1,0.0535,170242357.1
r1684c880,2022,2,2,0,20572200,1386.9,0.0535,384529471.5
r1684c882,2022,1,0,1,,,0.0535,
r1684c883,2022,1,1,0,3744000,270.2,0.0535,69981739.5
r1684c884,2022,1,1,0,10458920,1063.7,0.0535,195495036
r1684c885,2022,1,1,0,8966915,812,0.0535,167606920.3
r1684c886,2022,1,0,1,,,0.0535,
r1684c887,2022,1,1,0,15105998,1477.9,0.0535,282356842.1
r1684c888,2022,1,0,1,,,0.0535,
r1684c889,2022,1,1,0,5743580,501.1,0.0535,107357296.8
r1684c890,2022,3,2,1,8871720,533.5,0.0535,165827563.5
r1684c892,2022,2,2,0,36275672,2432.4,0.0535,678054120.7
r1684c894,2022,5,5,0,141100306,8790.5,0.0535,2637405143.5
r1685c861,2022,1,1,0,6414162,565.9,0.0535,119891617
r1685c867,2022,1,1,0,6879869,481.3,0.0535,128596474.4
r1685c869,2022,1,0,0,,,0.0535,
r1685c876,2022,1,1,0,8673074,714.2,0.0535,162114531.3
r1685c879,2022,1,0,1,,,0.0535,
r1685c880,2022,1,1,0,7844293,702.5,0.0535,146623202.3
r1685c881,2022,1,0,0,,,0.0535,
r1685c882,2022,4,3,1,25763777,2188.3,0.0535,481568891.7
r1685c883,2022,1,1,0,11853568,1142.9,0.0535,221563383.5
r1685c885,2022,1,0,1,,,0.0535,
r1685c886,2022,1,1,0,4431166,403.2,0.0535,82826042.9
r1685c888,2022,3,3,0,38818240,2578.6,0.0535,725579049
r1685c890,2022,8,8,0,116803259,9277.7,0.0535,2183251934.8000002
r1685c891,2022,1,1,0,11248996,755.7,0.0535,210262902.7
r1685c892,2022,1,1,0,3679123,484.4,0.0535,68769077.8
r1685c893,2022,1,1,0,,,0.0535,
r1685c894,2022,12,10,1,129729903,9230,0.0535,2424872937.1999998
r1686c862,2022,1,1,0,14263871,1169.9,0.0535,266616053.6
r1686c863,2022,4,1,3,10735595,1237.2,0.0535,200666563.2
r1686c874,2022,1,1,0,16156416,1120.9,0.0535,301990944.4
r1686c880,2022,1,1,0,7830000,560.6,0.0535,146356041.7
r1686c881,2022,1,1,0,5000923,492.8,0.0535,93475772.1
r1686c882,2022,1,0,1,,,0.0535,
r1686c885,2022,1,1,0,8890679,760.3,0.0535,166181939.6
r1686c886,2022,1,1,0,33488000,3189.6,0.0535,625947781.1
r1686c887,2022,2,2,0,29319373,3038.6,0.0535,548029039.4
r1686c888,2022,3,2,1,17486517,1705.7,0.0535,326852798.5
r1686c889,2022,3,2,1,47173370,4062.9,0.0535,881750665.2
r1686c890,2022,8,8,0,94958262,7389.7,0.0535,1774931718.5999999
r1686c891,2022,8,8,0,60133992,5429.6,0.0535,1124006774.3
r1686c892,2022,6,5,1,87344630,8045.2,0.0535,1632619963.4000001
r1686c893,2022,5,3,1,18417394,1358.4,0.0535,344252475.7
r1686c894,2022,17,14,3,196343133,12310.5,0.0535,3669987709.8000002
r1687c862,2022,2,2,0,43570544,1927.1,0.0535,814407708.3
r1687c868,2022,1,1,0,7916528,554,0.0535,147973397.5
r1687c871,2022,1,1,0,6384000,483.7,0.0535,119327837.9
r1687c877,2022,1,1,0,9651980,755.6,0.0535,180411952.5
r1687c879,2022,3,2,1,6602167,441.4,0.0535,123405750.8
r1687c883,2022,1,1,0,6832800,809.3,0.0535,127716674.6
r1687c884,2022,3,3,0,58757286,2388.9,0.0535,1098273793.4000001
r1687c885,2022,1,1,0,18789793,1314.9,0.0535,351213247.6
r1687c886,2022,1,1,0,21540835,1958.2,0.0535,402634910.1
r1687c887,2022,2,2,0,8035557,547.7,0.0535,150198252.3
r1687c888,2022,1,1,0,8730508,463.6,0.0535,163188070.7
r1687c891,2022,1,1,0,22377600,1410.5,0.0535,418275473.8
r1687c892,2022,4,3,1,14105324,1103.3,0.0535,263652540
r1687c893,2022,12,12,0,149062944,12036.6,0.0535,2786240415.5
r1688c861,2022,1,1,0,8172473,663.6,0.0535,152757445.7
r1688c868,2022,1,0,1,,,0.0535,
r1688c872,2022,2,1,1,3815171,415.4,0.0535,71312046.8
r1688c873,2022,3,1,2,8169060,525.6,0.0535,152693650.9
r1688c875,2022,1,1,0,11610143,968.2,0.0535,217013355.5
r1688c879,2022,5,5,0,33305649,2289.3,0.0535,622539330.2
r1688c882,2022,1,1,0,7752285,532.9,0.0535,144903416
r1688c883,2022,1,1,0,18023687,1537.1,0.0535,336893421
r1688c884,2022,3,1,2,,,0.0535,
r1688c885,2022,3,1,2,7179298,501.3,0.0535,134193312.6
r1688c886,2022,3,3,0,59214343,5253.2,0.0535,1106816967.5
r1688c887,2022,1,1,0,17070432,849.3,0.0535,319075460.8
r1688c888,2022,1,1,0,2041600,139,0.0535,38160982.7
r1688c891,2022,1,1,0,24159122,1690.5,0.0535,451575155.5
r1688c892,2022,5,4,1,19314855,1893.6,0.0535,361027551
r1688c893,2022,12,10,2,115325806,8641.7,0.0535,2155635820.6999998
r1688c894,2022,9,8,1,220725574,13765.2,0.0535,4125737078
r1689c863,2022,1,1,0,25133992,1858.9,0.0535,469797136.9
r1689c865,2022,1,1,0,10875780,874.8,0.0535,203286859.7
r1689c866,2022,1,1,0,8642127,597,0.0535,161536079.2
r1689c870,2022,1,1,0,12430026,984.4,0.0535,232338365.8
r1689c877,2022,1,0,1,,,0.0535,
r1689c879,2022,1,1,0,13139940,970.6,0.0535,245607868.1
r1689c883,2022,1,0,1,,,0.0535,
r1689c884,2022,1,1,0,7671244,406.3,0.0535,143388621.6
r1689c885,2022,1,1,0,6543722,427.2,0.0535,122313314.2
r1689c887,2022,1,1,0,12432903,1442.8,0.0535,232392141.8
r1689c888,2022,1,0,1,,,0.0535,
r1689c889,2022,1,0,0,,,0.0535,
r1689c890,2022,1,1,0,9337043,617.4,0.0535,174525243.3
r1689c891,2022,2,2,0,279938105,15884.8,0.0535,5232520176.1000004
r1689c892,2022,4,2,2,26836970,2449.7,0.0535,501628697.5
r1689c893,2022,22,22,0,174867492,12021,0.0535,3268571386.6999998
r1689c894,2022,10,8,2,410868504,24036.3,0.0535,7679832429.1000004
r1690c860,2022,1,1,0,6925500,656.4,0.0535,129449395.5
r1690c867,2022,1,0,1,,,0.0535,
r1690c870,2022,1,1,0,20814098,1421.1,0.0535,389050957.3
r1690c872,2022,1,0,0,,,0.0535,
r1690c873,2022,1,1,0,6576825,536.7,0.0535,122932065.7
r1690c876,2022,2,1,1,19400000,1479.2,0.0535,362619056.2
r1690c879,2022,1,0,1,,,0.0535,
r1690c882,2022,1,0,1,,,0.0535,
r1690c883,2022,1,1,0,4600544,328.6,0.0535,85992006.3
r1690c886,2022,2,1,1,6584200,446.6,0.0535,123069917
r1690c888,2022,3,3,0,34296071,3320.5,0.0535,641052004.9
r1690c889,2022,3,2,0,15606338,1329.8,0.0535,291709049.3
r1690c891,2022,2,1,1,5486292,476.7,0.0535,102548145.7
r1690c892,2022,4,3,1,28597401,2341.7,0.0535,534534152.5
r1690c893,2022,10,10,0,116291755,8054.3,0.0535,2173691053.4000001
r1690c894,2022,19,16,3,248589651,16470.5,0.0535,4646564155.3999996
r1691c857,2022,1,1,0,5432500,419.6,0.0535,101542681.6
r1691c865,2022,1,1,0,25159653,1789.5,0.0535,470276784.7
r1691c867,2022,1,1,0,8572946,600.1,0.0535,160242968.4
r1691c874,2022,1,1,0,7179816,522.5,0.0535,134202994.9
r1691c875,2022,1,0,1,,,0.0535,
r1691c876,2022,1,1,0,6283141,627.9,0.0535,117442611.3
r1691c877,2022,1,1,0,8198640,653.5,0.0535,153246551.5
r1691c880,2022,1,1,0,8643072,692,0.0535,161553742.8
r1691c881,2022,1,0,1,,,0.0535,
r1691c883,2022,2,1,1,,,0.0535,
r1691c885,2022,1,1,0,7027012,350.9,0.0535,131346827.8
r1691c887,2022,3,1,2,13985496,1011.1,0.0535,261412750.5
r1691c888,2022,3,3,0,16050126,983.3,0.0535,300004203.2
r1691c890,2022,2,2,0,7762697,616,0.0535,145098034
r1691c891,2022,4,4,0,33735857,2602.6,0.0535,630580650.7
r1691c892,2022,1,1,0,6342543,452,0.0535,118552935.9
r1691c893,2022,20,20,0,278071660,17506.3,0.0535,5197633138.8000002
r1692c867,2022,1,0,1,,,0.0535,
r1692c878,2022,2,1,1,11796618,915.5,0.0535,220498891
r1692c880,2022,1,1,0,18482562,1682.9,0.0535,345470576.7
r1692c881,2022,2,2,0,57090685,2441.4,0.0535,1067122180.9
r1692c882,2022,2,0,2,,,0.0535,
r1692c883,2022,1,1,0,49332909,3633.3,0.0535,922116128.8
r1692c885,2022,1,1,0,6553006,442.6,0.0535,122486848
r1692c887,2022,2,1,1,6008762,406.9,0.0535,112314000.3
r1692c892,2022,4,1,3,5842935,381,0.0535,109214411.1
r1692c893,2022,13,10,3,156790387,10204.3,0.0535,2930679492.1999998
r1692c894,2022,3,3,0,19717113,1366.5,0.0535,368546438.5
r1693c854,2022,1,1,0,8752341,681.3,0.0535,163596166.6
r1693c865,2022,1,1,0,9441160,655.4,0.0535,176471367.4
r1693c873,2022,2,1,1,40839680,3069.9,0.0535,763363207
r1693c881,2022,1,0,1,,,0.0535,
r1693c887,2022,1,0,1,,,0.0535,
r1693c890,2022,2,2,0,60208408,5075.6,0.0535,1125397736.2
r1693c891,2022,5,3,2,48812365,3124.2,0.0535,912386274.5
r1693c892,2022,12,9,3,123240197,7423.7,0.0535,2303569274
r1693c893,2022,2,2,0,32422843,2144.8,0.0535,606038181.8
r1694c856,2022,1,1,0,3599688,216.3,0.0535,67284302.3
r1694c861,2022,1,1,0,6740195,513.9,0.0535,125985729.3
r1694c863,2022,2,2,0,63240590,3763.4,0.0535,1182074384.4000001
r1694c865,2022,1,0,1,,,0.0535,
r1694c869,2022,1,1,0,14363895,1076.5,0.0535,268485672.6
r1694c875,2022,1,1,0,6018080,501,0.0535,112488169.6
r1694c877,2022,1,1,0,10842611,764.6,0.0535,202666874.6
r1694c878,2022,1,1,0,9057479,597.4,0.0535,169299715.8
r1694c880,2022,1,1,0,8518091,619.1,0.0535,159217635
r1694c882,2022,3,1,2,35695000,2025.5,0.0535,667200371.6
r1694c883,2022,2,2,0,116272242,4659.1,0.0535,2173326322.1999998
r1694c884,2022,2,2,0,17797579,1504.3,0.0535,332667077.3
r1694c887,2022,1,1,0,13688268,881.7,0.0535,255857052.7
r1694c889,2022,2,1,1,7911409,570.9,0.0535,147877714.7
r1694c890,2022,1,1,0,29300243,2254,0.0535,547671467.1
r1694c891,2022,3,2,1,23320740,1498.5,0.0535,435904367.4
r1694c892,2022,7,6,1,69546879,4092.1,0.0535,1299949671.2
r1694c893,2022,3,3,0,93164848,6175.3,0.0535,1741409755.0999999
r1695c862,2022,4,1,3,4132713,217.4,0.0535,77247447.8
r1695c863,2022,2,0,2,,,0.0535,
r1695c865,2022,1,0,1,,,0.0535,
r1695c870,2022,2,1,1,5625600,325.5,0.0535,105152049.6
r1695c871,2022,3,1,2,5235800,400.7,0.0535,97866023.4
r1695c872,2022,1,1,0,1473494,90.8,0.0535,27542113.6
r1695c874,2022,2,0,2,,,0.0535,
r1695c877,2022,1,0,1,,,0.0535,
r1695c879,2022,1,1,0,5095844,303.7,0.0535,95250007.3
r1695c881,2022,1,1,0,3828927,224.3,0.0535,71569169.8
r1695c883,2022,3,1,2,2428500,205.1,0.0535,45392803
r1695c885,2022,1,1,0,5094000,352.4,0.0535,95215539.8
r1695c886,2022,3,3,0,11739330,812.8,0.0535,219428080.6
r1695c887,2022,2,1,1,1946406,143.5,0.0535,36381644.7
r1695c889,2022,1,1,0,21959227,1465.5,0.0535,410455369.5
r1695c891,2022,10,9,1,130046078,10212.6,0.0535,2430782786.5999999
r1695c892,2022,11,9,2,321136019,19478.1,0.0535,6002579387
r1696c861,2022,2,2,0,13355270,1109.5,0.0535,249632752.7
r1696c863,2022,3,2,1,35793847,2042.5,0.0535,669047990.5
r1696c865,2022,1,1,0,14348870,1008.7,0.0535,268204829.7
r1696c867,2022,1,0,1,,,0.0535,
r1696c869,2022,1,1,0,11938973,877.3,0.0535,223159748.5
r1696c872,2022,2,2,0,16973129,1830.9,0.0535,317256702
r1696c874,2022,1,1,0,5940540,328.7,0.0535,111038814.8
r1696c875,2022,1,1,0,2350630,165.6,0.0535,43937280
r1696c878,2022,1,1,0,4405890,329.1,0.0535,82353591.4
r1696c880,2022,1,1,0,3456055,221.8,0.0535,64599556.8
r1696c881,2022,1,1,0,9935957,780.1,0.0535,185719966.5
r1696c884,2022,1,1,0,7002182,404.1,0.0535,130882712.8
r1696c885,2022,1,1,0,7620558,609,0.0535,142441213.9
r1696c887,2022,1,1,0,4464000,346,0.0535,83439766.3
r1696c888,2022,1,1,0,19505057,1423,0.0535,364582750.5
r1696c891,2022,6,4,2,46172542,2694.6,0.0535,863043484.6
r1696c892,2022,9,9,0,137967394,10850.3,0.0535,2578845680
r1697c864,2022,1,1,0,7549636,527.3,0.0535,141115560.9
r1697c867,2022,1,1,0,4173987,337.2,0.0535,78018929.2
r1697c877,2022,1,1,0,3080000,241,0.0535,57570448.1
r1697c878,2022,1,0,1,,,0.0535,
r1697c880,2022,1,1,0,11450793,756.4,0.0535,214034832.5
r1697c881,2022,1,1,0,6105120,445.5,0.0535,114115095.5
r1697c882,2022,1,1,0,21914558,1946.7,0.0535,409620429.8
r1697c883,2022,1,0,1,,,0.0535,
r1697c886,2022,1,1,0,7022530,507.2,0.0535,131263051.6
r1697c887,2022,2,1,1,7420673,482.6,0.0535,138705022.6
r1697c890,2022,5,5,0,40644573,2934,0.0535,759716324.7
r1697c891,2022,6,5,1,38955233,2981.9,0.0535,728139681.6
r1697c892,2022,3,3,0,134234894,7478.3,0.0535,2509078895.0999999
r1698c853,2022,2,2,0,16898277,1067.2,0.0535,315857590.5
r1698c869,2022,3,0,2,,,0.0535,
r1698c872,2022,1,0,1,,,0.0535,
r1698c876,2022,1,1,0,11755129,822.1,0.0535,219723390.9
r1698c878,2022,1,1,0,2690000,189.9,0.0535,50280683.6
r1698c880,2022,1,1,0,3137833,235.5,0.0535,58651445.4
r1698c883,2022,1,1,0,7722443,555.2,0.0535,144345618.1
r1698c884,2022,1,1,0,6208400,576.1,0.0535,116045574.7
r1698c885,2022,1,0,0,,,0.0535,
r1698c886,2022,4,3,1,17028668,1385.3,0.0535,318294820.5
r1698c888,2022,3,1,2,4975706,262.8,0.0535,93004423.4
r1698c889,2022,3,2,0,6117843,510.2,0.0535,114352910
r1698c890,2022,2,1,1,35264734,2196,0.0535,659157966.9
r1698c891,2022,7,6,1,105335559,8252.9,0.0535,1968901081.7
r1698c892,2022,4,3,1,95590826,5545.5,0.0535,1786755417.5999999
r1699c852,2022,1,1,0,11435766,1070.7,0.0535,213753952.2
r1699c866,2022,1,1,0,7078314,558.6,0.0535,132305749.6
r1699c873,2022,1,1,0,11059367,802.6,0.0535,206718413.6
r1699c876,2022,1,0,1,,,0.0535,
r1699c878,2022,2,1,1,20729520,1514.6,0.0535,387470050.4
r1699c879,2022,1,0,1,,,0.0535,
r1699c883,2022,1,1,0,,,0.0535,
r1699c885,2022,1,1,0,7169877,443.5,0.0535,134017218.1
r1699c887,2022,1,1,0,5626369,381.5,0.0535,105166423.5
r1699c888,2022,1,1,0,3657300,232.8,0.0535,68361168.8
r1699c889,2022,5,3,2,16376558,1200.1,0.0535,306105773.5
r1699c890,2022,10,6,4,41913090,2840.5,0.0535,783427068.9
r1699c891,2022,8,3,4,89730393,5468.2,0.0535,1677213939.0999999
r1700c867,2022,2,2,0,8033750,396.9,0.0535,150164476.4
r1700c868,2022,1,0,1,,,0.0535,
r1700c869,2022,2,0,2,,,0.0535,
r1700c873,2022,1,1,0,8166403,474.6,0.0535,152643987
r1700c876,2022,2,2,0,15350818,1029.7,0.0535,286932945.1
r1700c878,2022,1,1,0,11093938,669.9,0.0535,207364604.5
r1700c879,2022,3,3,0,16882740,1349.1,0.0535,315567177.5
r1700c882,2022,2,1,1,1787600,160.2,0.0535,33413289.9
r1700c884,2022,1,1,0,15239881,1139.5,0.0535,284859343.5
r1700c886,2022,4,3,1,87127817,5304.9,0.0535,1628567359
r1700c888,2022,1,0,1,,,0.0535,
r1700c889,2022,1,1,0,2952200,287.7,0.0535,55181648.3
r1700c890,2022,3,2,0,49022120,3586.8,0.0535,916306952.8
r1700c891,2022,7,5,2,87582701,5431.7,0.0535,1637069916.0999999
r1700c892,2022,1,1,0,7803232,475.3,0.0535,145855702.2
r1701c838,2022,1,1,0,61969831,4832.3,0.0535,1158321733.4000001
r1701c851,2022,1,1,0,7158897,770,0.0535,133811983.2
r1701c858,2022,1,1,0,87322850,2885.9,0.0535,1632212858.0999999
r1701c859,2022,1,0,1,,,0.0535,
r1701c869,2022,1,1,0,10958178,706,0.0535,204827018.7
r1701c871,2022,1,0,1,,,0.0535,
r1701c875,2022,2,2,0,10576238,643.3,0.0535,197687909.3
r1701c878,2022,1,1,0,14633882,1070.4,0.0535,273532189.6
r1701c879,2022,3,3,0,33518313,2017.9,0.0535,626514382.7
r1701c887,2022,2,1,1,,,0.0535,
r1701c888,2022,1,1,0,5380980,349.4,0.0535,100579685
r1701c889,2022,3,2,1,20959529,1173.7,0.0535,391769310.5
r1701c890,2022,5,4,1,45855761,3023,0.0535,857122307.9
r1701c891,2022,7,5,2,69627035,4308.6,0.0535,1301447923.4000001
r1702c852,2022,7,1,6,3068063,261.3,0.0535,57347325.2
r1702c853,2022,2,0,2,,,0.0535,
r1702c859,2022,1,1,0,15196059,1456.5,0.0535,284040235.7
r1702c860,2022,1,1,0,4925750,373.4,0.0535,92070660.6
r1702c861,2022,1,1,0,7926668,669.6,0.0535,148162931.4
r1702c872,2022,1,1,0,6344316,834.3,0.0535,118586076.3
r1702c875,2022,1,1,0,9516619,1074.3,0.0535,177881824.7
r1702c876,2022,1,0,1,,,0.0535,
r1702c878,2022,1,0,1,,,0.0535,
r1702c879,2022,2,2,0,27276998,2282.6,0.0535,509853570.6
r1702c881,2022,1,1,0,20656558,1321.8,0.0535,386106266.3
r1702c882,2022,3,3,0,298805522,16611.9,0.0535,5585184348.5
r1702c883,2022,1,0,1,,,0.0535,
r1702c885,2022,2,2,0,29278339,2199.8,0.0535,547262044
r1702c886,2022,1,1,0,4514400,281.7,0.0535,84381828.2
r1702c887,2022,2,1,1,1816531,146.8,0.0535,33954059.6
r1702c888,2022,1,1,0,7021000,472.7,0.0535,131234453.3
r1702c890,2022,5,4,1,28174315,2018.8,0.0535,526625954.3
r1702c891,2022,9,7,2,78937792,6144.4,0.0535,1475481836.5999999
r1703c850,2022,1,1,0,8763840,471.9,0.0535,163811102.5
r1703c851,2022,4,4,0,107133379,7192.7,0.0535,2002505400.8
r1703c852,2022,3,1,0,3906000,269.5,0.0535,73009795.5
r1703c857,2022,1,1,0,6209851,492.2,0.0535,116072696.3
r1703c865,2022,1,1,0,6420000,465.2,0.0535,120000739.2
r1703c867,2022,1,1,0,7051746,615.1,0.0535,131809148.4
r1703c869,2022,1,0,1,,,0.0535,
r1703c877,2022,1,1,0,16748801,2206.4,0.0535,313063629.4
r1703c882,2022,1,1,0,5081740,282.4,0.0535,94986379.5
r1703c883,2022,1,1,0,15861444,826.6,0.0535,296477415.1
r1703c885,2022,1,0,1,,,0.0535,
r1703c888,2022,1,0,1,,,0.0535,
r1703c890,2022,7,3,4,66681808,5673.5,0.0535,1246396612.4000001
r1704c851,2022,3,2,1,109717494,7574.1,0.0535,2050806913.3
r1704c852,2022,6,5,1,114217185,10434,0.0535,2134913805.2
r1704c853,2022,1,1,0,11381703,605.6,0.0535,212743422.6
r1704c865,2022,1,1,0,5046075,510.9,0.0535,94319739.9
r1704c876,2022,2,2,0,7820400,454.5,0.0535,146176601.4
r1704c879,2022,2,1,1,8817366,740,0.0535,164811594.7
r1704c880,2022,1,1,0,31453380,2673.4,0.0535,587917266.4
r1704c888,2022,1,1,0,11921710,1007,0.0535,222837073.6
r1704c890,2022,10,8,2,65336660,4048.3,0.0535,1221253504.2
r1704c891,2022,3,3,0,143537917,8353.5,0.0535,2682968246.5999999
r1705c851,2022,4,4,0,126224905,7325.9,0.0535,2359358552.3000002
r1705c852,2022,1,1,0,10156568,1337.7,0.0535,189843562
r1705c854,2022,1,1,0,22480000,2162.2,0.0535,420189504.2
r1705c858,2022,1,1,0,6210851,591,0.0535,116091388
r1705c862,2022,1,1,0,23578650,2110.6,0.0535,440725144.8
r1705c875,2022,5,5,0,44798922,3882,0.0535,837368186.2
r1705c880,2022,1,1,0,8169047,605.4,0.0535,152693407.9
r1705c887,2022,2,1,1,,,0.0535,
r1705c889,2022,1,1,0,13118165,845.6,0.0535,245200856.2
r1705c890,2022,15,12,3,246525050,15365.9,0.0535,4607973244.8000002
r1706c858,2022,2,2,0,366137329,21281.8,0.0535,6843730549.6999998
r1706c860,2022,1,1,0,4309245,416.5,0.0535,80547131.7
r1706c862,2022,1,1,0,19055421,1385.4,0.0535,356178287.5
r1706c871,2022,1,0,1,,,0.0535,
r1706c880,2022,1,0,1,,,0.0535,
r1706c881,2022,1,1,0,15653583,1277.8,0.0535,292592138.8
r1706c887,2022,1,0,1,,,0.0535,
r1706c888,2022,1,1,0,38846614,2852.5,0.0535,726109407.4
r1706c889,2022,1,0,1,,,0.0535,
r1706c890,2022,8,5,3,64023259,5314.4,0.0535,1196703801.5999999
r1706c891,2022,4,3,1,80229775,5287.9,0.0535,1499631200.3
r1707c857,2022,1,1,0,17734428,1296.7,0.0535,331486677.5
r1707c858,2022,1,1,0,38782079,2819.8,0.0535,724903138.3
r1707c871,2022,2,2,0,29681972,2733.5,0.0535,554806632.5
r1707c875,2022,1,1,0,9855886,676.5,0.0535,184223303
r1707c877,2022,1,0,1,,,0.0535,
r1707c881,2022,1,1,0,14856332,1135.4,0.0535,277690159.2
r1707c884,2022,1,1,0,37681587,1427.1,0.0535,704333067.6
r1707c885,2022,2,1,1,6825600,467.5,0.0535,127582094.3
r1707c886,2022,3,3,0,25153321,1829.4,0.0535,470158428.9
r1707c887,2022,2,1,1,3052800,215.8,0.0535,57062033.7
r1707c888,2022,1,0,1,,,0.0535,
r1707c889,2022,3,2,1,17538138,1674.3,0.0535,327817682.9
r1707c890,2022,11,8,2,136814321,13765.6,0.0535,2557292780.9000001
r1708c842,2022,1,1,0,37504273,1659.4,0.0535,701018766.9
r1708c858,2022,1,1,0,4438865,386.3,0.0535,82969950.3
r1708c862,2022,1,1,0,7841528,597.2,0.0535,146571519.7
r1708c863,2022,1,0,1,,,0.0535,
r1708c871,2022,2,0,2,,,0.0535,
r1708c878,2022,1,1,0,9648541,873.2,0.0535,180347671.7
r1708c879,2022,2,0,2,,,0.0535,
r1708c884,2022,1,1,0,4751447,352.6,0.0535,88812640.5
r1708c885,2022,2,2,0,47319675,2790.6,0.0535,884485355
r1708c886,2022,2,2,0,110683289,6791.8,0.0535,2068859267.5
r1708c887,2022,1,1,0,11551680,639.3,0.0535,215920582.4
r1708c888,2022,1,1,0,11238480,874.8,0.0535,210066340.7
r1708c889,2022,1,1,0,4074624,255.7,0.0535,76161665.4
r1708c890,2022,13,10,3,143540844,9597.2,0.0535,2683022957.3000002
r1708c891,2022,2,2,0,55759618,3478.6,0.0535,1042242270.7
r1709c868,2022,1,1,0,5142256,402,0.0535,96117526.7
r1709c875,2022,2,0,2,,,0.0535,
r1709c881,2022,1,0,1,,,0.0535,
r1709c883,2022,1,0,0,,,0.0535,
r1709c889,2022,5,3,2,32183226,2622.6,0.0535,601559331.8
r1709c890,2022,10,6,4,94257367,5832.9,0.0535,1761830796.8
r1710c859,2022,1,1,0,5728333,323.9,0.0535,107072304.4
r1710c886,2022,1,1,0,11704728,810.5,0.0535,218781310.3
r1710c889,2022,4,1,3,12625850,947.4,0.0535,235998650
r1710c890,2022,10,1,9,6045600,398.5,0.0535,113002565.3
r1711c858,2022,1,1,0,5826171,523.7,0.0535,108901063.4
r1711c880,2022,1,1,0,6977458,699.7,0.0535,130420579.1
r1711c881,2022,2,2,0,16834746,1148.1,0.0535,314670087.9
r1711c886,2022,1,0,1,,,0.0535,
r1711c887,2022,2,2,0,28525464,2001.6,0.0535,533189527.4
r1711c889,2022,4,0,4,,,0.0535,
r1712c837,2022,1,1,0,49307240,1610.3,0.0535,921636331.5
r1712c865,2022,1,0,1,,,0.0535,
r1712c879,2022,2,2,0,71433212,3809.6,0.0535,1335208449.2
r1712c880,2022,1,1,0,14520000,1242.2,0.0535,271403541
r1712c883,2022,1,0,1,,,0.0535,
r1712c884,2022,2,1,1,4022064,240,0.0535,75179229.5
r1712c885,2022,1,0,1,,,0.0535,
r1712c886,2022,2,2,0,14355744,867.6,0.0535,268333316.5
r1712c887,2022,3,3,0,21162855,1513.4,0.0535,395569819.9
r1712c888,2022,1,1,0,5817437,359,0.0535,108737810
r1712c889,2022,6,5,1,33707525,2253.4,0.0535,630051077.4
r1713c879,2022,4,4,0,124044898,7542.3,0.0535,2318610506.9000001
r1713c882,2022,2,2,0,20137900,1134.1,0.0535,376411664.5
r1713c884,2022,1,1,0,13613682,1166.8,0.0535,254462913.3
r1713c885,2022,1,0,1,,,0.0535,
r1713c888,2022,10,8,2,61670685,3852.9,0.0535,1152730184.9000001
r1713c889,2022,4,3,1,19547049,1208.4,0.0535,365367652.5
r1714c858,2022,1,0,1,,,0.0535,
r1714c880,2022,1,1,0,23850000,1382.1,0.0535,445797138.6
r1714c883,2022,2,1,1,16278003,1082.9,0.0535,304263612.6
r1714c885,2022,2,1,1,4070396,255,0.0535,76082636.9
r1714c888,2022,1,0,1,,,0.0535,
r1714c889,2022,1,1,0,6062971,383.2,0.0535,113327258.8
r1715c881,2022,1,1,0,8181810,599.9,0.0535,152931970.1
r1715c884,2022,2,2,0,30368190,1750,0.0535,567633216.2
r1715c885,2022,2,1,1,6146010,478.7,0.0535,114879399.2
r1715c886,2022,3,2,1,23874790,2331.5,0.0535,446260506
r1715c887,2022,4,1,3,4414380,292.5,0.0535,82512284
r1715c888,2022,6,4,2,23853009,1727.4,0.0535,445853382
r1716c883,2022,2,1,1,4264287,481.1,0.0535,79706790.1
r1716c886,2022,1,1,0,3773798,315.7,0.0535,70538714.9
r1716c887,2022,5,3,1,28519436,2718.7,0.0535,533076853.8
r1716c888,2022,2,0,2,,,0.0535,
r1717c886,2022,1,0,1,,,0.0535,
r1717c887,2022,2,1,1,2552000,277.7,0.0535,47701228.4
